nombre,web,pagina_alquileres,tipo,zona,estado,notas
Vivalco,https://www.vivalco.com,https://www.vivalco.com/properties/?status=928&type=406&orderby=date,mixto,Barcelona,ok,"Ejemplo tuyo; página de alquileres ya identificada"
All4Flat,https://all4flat.com,https://all4flat.com/en/collections/pisos-larga-estancia,temporal-larga,Barcelona,ok,"Ejemplo tuyo; pisos larga estancia"
Finques Teixidor,https://www.finquesteixidor.com,,residencial / admin-fincas,Barcelona,verificar-pagina,"Ejemplo tuyo; localizar su listado de alquiler"
Calvet Premium,https://inmobiliaria.calvetpremium.com,https://inmobiliaria.calvetpremium.com/es/alquiler,residencial,Barcelona,ok,"Ejemplo tuyo; página de alquiler ya identificada"
Loca Barcelona,https://www.locabarcelona.com,,temporal (3-11 meses),Barcelona centro,verificar-pagina,"Alquiler temporal amueblado"
Monapart,https://www.monapart.com,,residencial-larga,Barcelona,verificar-pagina,"Agencia de alquiler residencial"
Casamona,https://www.casamona.com,,mixto,Barcelona,verificar-pagina,"Gestión y alquiler"
Apartment Barcelona,https://www.apartmentbarcelona.com,,temporal/vacacional+mensual,Barcelona,verificar-pagina,"Más enfocado a amueblado/temporal (menor prioridad)"
Blueground,https://www.theblueground.com,,corporativo amueblado,Barcelona,verificar-pagina,"Plataforma grande de amueblado (menor prioridad)"
aProperties / aTemporal,https://www.aproperties.es,,mixto (venta + alquiler; aTemporal 1-11m),Barcelona (Eixample),verificar-web,"Confirmar dominio"
SHBarcelona,https://www.shbarcelona.es,,mixto (turístico + residencial),Barcelona,verificar-web,"Confirmar dominio"
La Casa Agency (El Clot),https://www.lacasa.net,,residencial (franquicia),Barcelona (El Clot),verificar-web,"Confirmar web de la oficina El Clot"
Urbane International Real Estate,,,residencial-larga + gestión,Eixample / Sarrià / Diagonal Mar,verificar-web,"+20 años; localizar dominio"
InModerna GSI,,,residencial (API colegiado),Barcelona,verificar-web,"Localizar dominio"
Peraire Serveis Immobiliaris,,,residencial / admin-fincas,Barcelona,verificar-web,"Localizar dominio"
Fincas Sancho Gil,,,admin-fincas / alquiler,Barcelona (área metro),verificar-web,"~1.100 propietarios en alquiler; localizar dominio"
Basmi Finques,,,admin-fincas / intermediación,Barcelona (Rambla Catalunya),verificar-web,"Localizar dominio"
Finques Desvern,,,admin-fincas / alquiler,Barcelona,verificar-web,"Localizar dominio"
OK Apartment Barcelona,,,temporal/mensual,Barcelona,verificar-web,"Amueblado mensual (menor prioridad)"
Stay Barcelona Apartments,,,vacacional + larga,Barcelona centro,verificar-web,"Localizar dominio"
Chicroom Barcelona,,,temporal/amueblado,Barcelona,verificar-web,"Amueblado (menor prioridad)"
