nombre,url
Vivalco,"https://www.vivalco.com/properties/?status=928&type=406&feature%5B%5D=1019"
All4Flat,"https://all4flat.com/en/collections/pisos-larga-estancia?page=1"
Finques Teixidor,"https://www.finquesteixidor.com/es/"
Calvet Premium,"https://inmobiliaria.calvetpremium.com/es/alquiler"
Loca Barcelona,"https://www.locabarcelona.com/en/property-status/long-term-rental/"
Monapart,"https://www.monapart.com/viviendas-barcelona-alquiler?priceRange=700%2C1500"
Casamona,"https://www.casamona.com/en/for-rent/_city:barcelona,pricemax:1500,mode:mosaic,d:created-desc,p:1/"
aProperties,"https://www.aproperties.es/en/search?mod=rental&zone=1&area=1&price-to=1500&order="
Urbane Group,"https://www.urbanegroup.es/en/search?o=rental&a=1&pf=0&pt=1500"
Proddigia,"http://proddigia.com/alquiler/"
Onix Renta,"https://www.onixrenta.com/viviendas/"
Engel & Völkers,"https://www.engelvoelkers.com/es/es/propertysearch?businessArea[]=residential&mapMode=place_mode&page=1&placeIds[]=ChIJ9SjtJnGYpBIRMAOkIeD6AAQ&placeName=Barcelona&price.max=1500&propertyMarketingType[]=rent&searchMode=classic"
Punto Habitat,"https://puntohabitat.es/pisos-alquiler-barcelona/?town%5B%5D=106199&type%5B%5D=3399"
My House Barcelona,"http://www.myhousebarcelona.com/en/zone-type/barcelona-en/"
